,City,Country,Date,Lat,Lng,Max Temp,Humidity,Cloudiness,Wind Speed
0,Mahebourg,MU,2023-01-11 15:42:09,-20.4081,57.7,80.89,69,75,10.36
1,Kapaa,US,2023-01-11 15:42:10,22.0752,-159.319,69.1,87,20,3.44
2,Cape Town,ZA,2023-01-11 15:37:24,-33.9258,18.4232,75.88,60,95,8.99
3,Hasaki,JP,2023-01-11 15:42:11,35.7333,140.8333,27.0,48,3,5.08
4,Rikitea,PF,2023-01-11 15:42:11,-23.1203,-134.9692,77.97,76,100,16.46
5,Narsaq,GL,2023-01-11 15:42:11,60.9167,-46.05,21.42,72,100,6.15
6,Castro,BR,2023-01-11 15:42:12,-24.7911,-50.0119,72.5,81,100,6.6
7,Tuktoyaktuk,CA,2023-01-11 15:42:12,69.4541,-133.0374,-13.0,84,75,10.36
8,Krasnoselkup,RU,2023-01-11 15:42:12,65.7,82.4667,-42.0,100,49,5.61
9,Kodiak,US,2023-01-11 15:42:13,57.79,-152.4072,29.71,86,100,5.75
10,Busselton,AU,2023-01-11 15:42:13,-33.65,115.3333,59.61,92,0,8.03
11,Camacha,PT,2023-01-11 15:42:13,33.0833,-16.3333,60.22,88,40,12.66
12,Bluff,NZ,2023-01-11 15:42:14,-46.6,168.3333,54.68,74,76,11.05
13,Warmbad,NA,2023-01-11 15:42:14,-28.45,18.7333,102.7,12,100,11.74
14,Carnarvon,AU,2023-01-11 15:42:14,-24.8667,113.6333,73.83,72,0,20.07
15,Cooma,AU,2023-01-11 15:42:15,-36.2333,149.1333,55.08,91,25,2.13
16,Khandagayty,RU,2023-01-11 15:42:15,50.7333,92.05,-8.7,83,18,11.79
17,New Norfolk,AU,2023-01-11 15:42:16,-42.7826,147.0587,58.71,66,21,1.43
18,Ushuaia,AR,2023-01-11 15:42:16,-54.8,-68.3,53.26,66,75,20.71
19,Domoni,KM,2023-01-11 15:42:16,-12.2569,44.5319,80.8,77,63,3.11
20,Arraial Do Cabo,BR,2023-01-11 15:42:17,-22.9661,-42.0278,87.66,70,40,8.05
21,Vaini,TO,2023-01-11 15:42:17,-21.2,-175.2,77.16,100,75,2.3
22,Lagoa,PT,2023-01-11 15:42:17,39.05,-27.9833,58.55,74,100,12.95
23,Hilo,US,2023-01-11 15:37:26,19.7297,-155.09,73.27,64,0,5.99
24,Galeana,MX,2023-01-11 15:42:18,24.8333,-100.0667,63.91,36,0,5.7
25,Merauke,ID,2023-01-11 15:42:18,-8.4667,140.3333,77.86,84,100,7.36
26,Salalah,OM,2023-01-11 15:42:19,17.0151,54.0924,77.09,61,0,2.3
27,Tasiilaq,GL,2023-01-11 15:42:19,65.6145,-37.6368,10.56,56,99,4.63
28,Alofi,NU,2023-01-11 15:42:19,-19.0595,-169.9187,75.09,100,100,5.75
29,Qaanaaq,GL,2023-01-11 15:42:20,77.484,-69.3632,-9.24,97,100,6.82
30,Carutapera,BR,2023-01-11 15:42:20,-1.195,-46.02,85.87,62,42,11.27
31,Gondanglegi,ID,2023-01-11 15:42:21,-7.7479,112.0132,75.15,88,75,9.84
32,San Carlos De Bariloche,AR,2023-01-11 15:42:21,-41.1456,-71.3082,59.25,35,20,25.32
33,Silver City,US,2023-01-11 15:42:21,32.7701,-108.2803,44.67,55,0,15.99
34,San Roque,ES,2023-01-11 15:42:22,36.2107,-5.3842,65.23,59,20,17.27
35,Mataura,NZ,2023-01-11 15:42:22,-46.1927,168.8643,50.83,92,88,1.79
36,Kavaratti,IN,2023-01-11 15:42:22,10.5669,72.642,80.89,60,61,8.52
37,Nador,MA,2023-01-11 15:42:23,35.174,-2.9287,66.27,63,20,13.8
38,Albany,US,2023-01-11 15:39:34,42.6001,-73.9662,26.42,73,27,3.04
39,Yellowknife,CA,2023-01-11 15:40:54,62.456,-114.3525,3.72,92,100,4.61
40,Barrow,US,2023-01-11 15:42:23,71.2906,-156.7887,-11.18,77,0,25.32
41,Tahe,CN,2023-01-11 15:42:24,52.3333,124.7333,4.5,98,100,0.47
42,Bredasdorp,ZA,2023-01-11 15:42:24,-34.5322,20.0403,73.4,67,100,9.4
43,Puerto Ayora,EC,2023-01-11 15:42:24,-0.7393,-90.3518,78.76,86,40,5.99
44,Avarua,CK,2023-01-11 15:42:25,-21.2078,-159.775,75.25,94,75,1.14
45,Te Anau,NZ,2023-01-11 15:42:25,-45.4167,167.7167,45.63,95,20,2.42
46,Hobart,AU,2023-01-11 15:37:51,-42.8794,147.3294,59.05,90,21,0.0
47,Yar-Sale,RU,2023-01-11 15:42:25,66.8333,70.8333,-10.89,98,100,10.42
48,Matamoros,MX,2023-01-11 15:42:26,25.5333,-103.25,66.36,18,3,0.92
49,Atuona,PF,2023-01-11 15:42:18,-9.8,-139.0333,77.94,74,8,11.79
50,Cherskiy,RU,2023-01-11 15:43:26,68.75,161.3,-31.32,99,100,2.84
51,Klaksvik,FO,2023-01-11 15:43:27,62.2266,-6.589,40.12,78,100,20.42
52,Fortuna,US,2023-01-11 15:43:27,40.5982,-124.1573,52.99,83,100,32.21
53,Hermanus,ZA,2023-01-11 15:43:28,-34.4187,19.2345,73.8,77,92,7.74
54,Buala,SB,2023-01-11 15:43:28,-8.145,159.5921,80.26,81,97,6.82
55,College,US,2023-01-11 15:43:29,64.8569,-147.8028,8.58,71,75,5.75
56,Punta Arenas,CL,2023-01-11 15:40:21,-53.15,-70.9167,59.11,47,75,25.32
57,Nantucket,US,2023-01-11 15:38:37,41.2835,-70.0995,41.11,67,100,10.36
58,Hay River,CA,2023-01-11 15:43:29,60.8156,-115.7999,12.18,85,100,2.3
59,Setermoen,NO,2023-01-11 15:43:29,68.861,18.3486,4.96,88,100,9.53
60,Ribeira Grande,PT,2023-01-11 15:40:17,38.5167,-28.7,63.0,77,20,18.99
61,Kungurtug,RU,2023-01-11 15:43:30,50.5994,97.5228,-2.38,99,100,3.76
62,Paita,PE,2023-01-11 15:43:30,-5.0892,-81.1144,70.99,72,100,6.15
63,Bengkulu,ID,2023-01-11 15:43:31,-3.8004,102.2655,75.97,88,100,3.49
64,Changping,CN,2023-01-11 15:43:31,40.2186,116.2197,33.44,49,3,3.33
65,Georgetown,MY,2023-01-11 15:42:25,5.4112,100.3354,82.33,82,20,5.01
66,Pangnirtung,CA,2023-01-11 15:43:31,66.1451,-65.7125,-25.6,75,0,2.3
67,Luanda,AO,2023-01-11 15:42:18,-8.8368,13.2343,86.0,62,75,16.11
68,Portland,US,2023-01-11 15:38:42,45.5234,-122.6762,48.02,86,75,13.8
69,Christchurch,NZ,2023-01-11 15:43:32,-43.5333,172.6333,54.95,79,75,10.36
70,Avera,US,2023-01-11 15:43:32,33.194,-82.5271,58.37,59,53,5.55
71,Bambous Virieux,MU,2023-01-11 15:43:32,-20.3428,57.7575,80.85,69,75,10.36
72,Vaitape,PF,2023-01-11 15:43:33,-16.5167,-151.75,79.27,76,100,13.58
73,Soyo,AO,2023-01-11 15:43:33,-6.1349,12.3689,81.84,75,83,10.49
74,Show Low,US,2023-01-11 15:43:33,34.2542,-110.0298,37.08,82,0,9.22
75,Moose Factory,CA,2023-01-11 15:43:34,51.2585,-80.6094,-2.2,77,0,4.61
76,Oranjemund,NA,2023-01-11 15:43:34,-28.55,16.4333,67.26,72,7,13.06
77,Zonguldak,TR,2023-01-11 15:43:34,41.25,31.8333,48.36,61,94,5.12
78,Dunedin,NZ,2023-01-11 15:43:35,-45.8742,170.5036,52.07,90,80,8.86
79,East London,ZA,2023-01-11 15:43:35,-33.0153,27.9116,81.54,74,0,6.91
80,Chicama,PE,2023-01-11 15:43:35,-7.8447,-79.1469,68.54,57,45,8.43
81,Zhukovo,RU,2023-01-11 15:43:36,55.0318,36.744,14.58,79,100,10.51
82,Binga,ZW,2023-01-11 15:43:36,-17.6203,27.3414,81.73,66,42,7.31
83,Kenora,CA,2023-01-11 15:43:36,49.8167,-94.4337,27.57,93,100,4.61
84,Jamestown,US,2023-01-11 15:38:42,42.097,-79.2353,35.71,72,100,5.75
85,Iqaluit,CA,2023-01-11 15:43:37,63.7506,-68.5145,-20.47,69,0,14.97
86,Gillette,US,2023-01-11 15:39:47,44.2911,-105.5022,26.87,88,75,3.44
87,Temerloh,MY,2023-01-11 15:43:37,3.4483,102.4176,74.98,99,100,2.1
88,Wladyslawowo,PL,2023-01-11 15:43:37,54.7909,18.4009,42.48,73,100,18.43
89,Katsuura,JP,2023-01-11 15:43:38,35.1333,140.3,46.56,69,4,4.52
90,Lubango,AO,2023-01-11 15:43:38,-14.9172,13.4925,71.94,51,99,5.35
91,Pisco,PE,2023-01-11 15:43:38,-13.7,-76.2167,69.03,88,40,9.22
92,Tiquisate,GT,2023-01-11 15:43:39,14.2833,-91.3667,84.0,53,7,2.53
93,Kosh-Agach,RU,2023-01-11 15:44:39,50.0,88.6667,-15.84,90,100,4.03
94,Bathsheba,BB,2023-01-11 15:44:39,13.2167,-59.5167,84.81,70,20,16.11
95,Kaitangata,NZ,2023-01-11 15:44:40,-46.2817,169.8464,51.67,91,98,5.55
96,Victoria,HK,2023-01-11 15:44:40,22.2855,114.1577,66.33,91,100,1.01
97,Makakilo City,US,2023-01-11 15:44:40,21.3469,-158.0858,66.43,83,0,4.61
98,Mackay,AU,2023-01-11 15:44:41,-21.15,149.2,76.59,86,99,9.75
99,Kodinsk,RU,2023-01-11 15:44:41,58.6881,99.1844,-22.58,92,100,9.44
100,Wucheng,CN,2023-01-11 15:44:41,29.6008,118.175,52.23,91,3,2.59
101,Luderitz,NA,2023-01-11 15:44:42,-26.6481,15.1594,70.02,67,18,16.46
102,Ilulissat,GL,2023-01-11 15:44:42,69.2167,-51.1,-21.14,92,73,5.93
103,Flin Flon,CA,2023-01-11 15:44:42,54.7682,-101.865,10.24,85,100,4.61
104,Veinticinco De Mayo,AR,2023-01-11 15:44:43,-35.4323,-60.1727,86.22,39,100,5.5
105,Zhangye,CN,2023-01-11 15:44:43,38.9342,100.4517,30.67,26,0,5.79
106,Tooele,US,2023-01-11 15:44:43,40.5308,-112.2983,33.35,79,99,1.01
107,Shimoda,JP,2023-01-11 15:44:44,34.6667,138.95,40.1,74,0,4.61
108,Saint-Philippe,RE,2023-01-11 15:44:44,-21.3585,55.7679,78.39,83,100,13.78
109,Tessalit,ML,2023-01-11 15:44:44,20.1986,1.0114,77.05,8,66,11.92
110,Port Alfred,ZA,2023-01-11 15:44:44,-33.5906,26.891,79.18,86,96,3.0
111,Opuwo,NA,2023-01-11 15:44:45,-18.0607,13.84,86.31,28,100,8.05
112,Saint-Pierre,RE,2023-01-11 15:44:45,-21.3393,55.4781,78.48,69,100,6.91
113,Lahaina,US,2023-01-11 15:43:50,20.8783,-156.6825,74.8,74,58,12.97
114,Ayna,PE,2023-01-11 15:44:45,-12.65,-73.9167,73.27,58,43,5.91
115,Tiksi,RU,2023-01-11 15:44:46,71.6872,128.8694,-41.01,100,99,2.66
116,Laje,BR,2023-01-11 15:44:46,-10.1833,-40.9667,90.66,35,14,4.7
117,Rio Grande,BR,2023-01-11 15:40:35,-32.035,-52.0986,98.71,53,9,13.47
118,Kamenka,RU,2023-01-11 15:44:46,51.3223,42.7678,4.3,76,38,13.71
119,Saint George,US,2023-01-11 15:42:01,37.1041,-113.5841,40.78,84,0,0.0
120,Cayenne,GF,2023-01-11 15:39:57,4.9333,-52.3333,82.44,78,75,9.22
121,Torbay,CA,2023-01-11 15:44:47,47.6666,-52.7314,27.88,89,100,5.01
122,Tecoanapa,MX,2023-01-11 15:44:47,16.5167,-98.75,80.44,60,0,1.16
123,Bonavista,CA,2023-01-11 15:44:47,48.6499,-53.1147,25.79,75,100,12.12
124,Lebu,CL,2023-01-11 15:44:48,-37.6167,-73.65,59.59,57,0,22.53
125,Bara,NG,2023-01-11 15:44:48,10.3744,10.7288,85.82,17,72,8.9
126,Shihezi,CN,2023-01-11 15:40:50,44.3,86.0333,12.87,91,100,3.04
127,Rawson,AR,2023-01-11 15:44:48,-43.3002,-65.1023,60.55,56,98,28.12
128,Pulandian,CN,2023-01-11 15:44:48,39.3953,121.9669,35.55,92,100,4.68
129,Sindor,RU,2023-01-11 15:44:49,62.8629,51.8905,13.59,93,100,12.01
130,Nyrob,RU,2023-01-11 15:44:49,60.733,56.7202,10.08,84,100,11.9
131,Lata,PT,2023-01-11 15:44:50,40.1629,-8.3327,60.93,72,8,7.76
132,Isangel,VU,2023-01-11 15:44:50,-19.55,169.2667,69.91,88,11,4.61
133,Nyurba,RU,2023-01-11 15:44:50,63.2842,118.3319,-33.93,86,72,8.9
134,Voh,NC,2023-01-11 15:44:51,-20.9667,164.7,72.32,81,18,2.28
135,Pecos,US,2023-01-11 15:44:51,31.4229,-103.4932,69.24,30,0,0.0
136,Abu Samrah,SY,2023-01-11 15:45:51,35.3029,37.1841,48.27,62,73,10.71
137,Nelson Bay,AU,2023-01-11 15:45:51,-32.7167,152.15,71.01,88,4,5.01
138,Upernavik,GL,2023-01-11 15:45:52,72.7868,-56.1549,-20.22,87,58,2.89
139,Sao Joao Da Barra,BR,2023-01-11 15:45:52,-21.6403,-41.0511,89.69,86,100,12.12
140,Airai,TL,2023-01-11 15:45:52,-8.9266,125.4092,61.41,95,97,0.29
141,Aklavik,CA,2023-01-11 15:45:53,68.2191,-135.0107,-13.0,77,100,2.3
142,Geraldton,AU,2023-01-11 15:45:53,-28.7667,114.6,64.81,77,0,11.5
143,Port Blair,IN,2023-01-11 15:43:29,11.6667,92.75,78.84,73,20,4.61
144,Straumen,NO,2023-01-11 15:45:53,63.8709,11.2999,42.8,85,86,4.5
145,Hervey Bay,AU,2023-01-11 15:45:54,-25.2986,152.8535,73.9,71,99,7.47
146,Birao,CF,2023-01-11 15:45:54,10.2849,22.7882,83.3,17,10,4.97
147,North Bend,US,2023-01-11 15:45:54,43.4065,-124.2243,49.06,92,100,12.66
148,Awjilah,LY,2023-01-11 15:45:55,29.1081,21.2869,61.5,47,80,14.83
149,Qunduz,AF,2023-01-11 15:45:55,36.729,68.857,14.18,88,100,5.1
150,Guerrero Negro,MX,2023-01-11 15:45:55,27.9769,-114.0611,62.31,81,53,14.74
151,Chokurdakh,RU,2023-01-11 15:45:55,70.6333,147.9167,-29.61,98,100,3.83
152,Huarmey,PE,2023-01-11 15:45:56,-10.0681,-78.1522,73.47,71,85,8.75
153,Santa Cruz,BO,2023-01-11 15:43:26,-17.8,-63.1667,84.25,65,75,17.27
154,The Valley,AI,2023-01-11 15:45:56,18.217,-63.0578,84.06,74,20,10.36
155,Vyshkov,RU,2023-01-11 15:45:56,52.4764,31.6873,25.68,69,100,12.62
156,Mana,GF,2023-01-11 15:45:57,5.6592,-53.7767,80.08,83,79,9.8
157,Svetlogorsk,BY,2023-01-11 15:45:57,52.6333,29.7333,23.36,75,100,11.59
158,Gazojak,TM,2023-01-11 15:45:57,41.1875,61.4036,11.88,53,0,8.93
159,Butaritari,KI,2023-01-11 15:45:57,3.0707,172.7902,80.73,80,36,16.15
160,Matay,EG,2023-01-11 15:45:58,28.419,30.7792,61.43,38,100,5.82
161,Cabra,ES,2023-01-11 15:45:58,37.4725,-4.4421,55.9,69,90,9.24
162,Mar Del Plata,AR,2023-01-11 15:42:28,-38.0023,-57.5575,83.82,76,75,11.99
163,Mehamn,NO,2023-01-11 15:45:58,71.0357,27.8492,24.75,80,100,21.85
164,Asau,RO,2023-01-11 15:45:59,46.4333,26.4,29.32,97,100,2.91
165,Gramoteino,RU,2023-01-11 15:45:59,54.5368,86.3839,-15.99,95,100,6.17
166,Gamba,GA,2023-01-11 15:45:59,-2.65,10.0,81.72,74,100,7.23
167,Kununurra,AU,2023-01-11 15:43:06,-15.7667,128.7333,80.58,89,100,3.44
168,Mayo,US,2023-01-11 15:44:21,38.8876,-76.5119,42.51,84,0,3.0
169,Acapulco,MX,2023-01-11 15:46:00,16.8634,-99.8901,75.02,69,40,4.61
170,Nikolskoye,RU,2023-01-11 15:46:00,59.7035,30.7861,26.49,92,99,11.27
171,Kruisfontein,ZA,2023-01-11 15:46:00,-34.0033,24.7314,76.89,71,88,10.65
172,Yumen,CN,2023-01-11 15:46:01,40.2833,97.2,24.19,46,76,19.26
173,Jinchang,CN,2023-01-11 15:46:01,38.4953,102.1739,29.59,29,17,1.1
174,Puerto Palomas,MX,2023-01-11 15:46:01,31.7667,-107.6167,52.3,31,53,7.87
175,Chirongui,YT,2023-01-11 15:46:02,-12.9319,45.1483,80.53,70,60,5.41
176,Victor Harbor,AU,2023-01-11 15:46:02,-35.5667,138.6167,64.99,83,5,4.61
177,Sur,OM,2023-01-11 15:46:03,22.5667,59.5289,72.81,76,24,16.2
178,Chuy,UY,2023-01-11 15:46:03,-33.6971,-53.4616,87.08,45,6,9.08
179,Pacific Grove,US,2023-01-11 15:46:05,36.6177,-121.9166,51.78,90,100,5.75
180,Qandala,SO,2023-01-11 15:46:05,11.472,49.8728,75.52,71,0,6.02
181,Phan Thiet,VN,2023-01-11 15:46:05,10.9333,108.1,74.23,93,86,6.69
182,Leningradskiy,RU,2023-01-11 15:47:06,69.3833,178.4167,-22.27,97,21,5.03
183,Ponta Do Sol,PT,2023-01-11 15:47:06,32.6667,-17.1,71.71,74,12,1.9
184,Faanui,PF,2023-01-11 15:47:07,-16.4833,-151.75,79.27,76,100,13.56
185,Roma,US,2023-01-11 15:47:07,43.2128,-75.4557,31.08,80,51,1.99
186,Lamu,KE,2023-01-11 15:47:08,-2.2717,40.902,82.62,82,42,11.95
187,Tuatapere,NZ,2023-01-11 15:47:08,-46.1333,167.6833,52.59,87,94,3.62
188,Edeia,BR,2023-01-11 15:47:09,-17.3383,-49.9314,79.99,68,88,8.72
189,Tautira,PF,2023-01-11 15:47:09,-17.7333,-149.15,75.58,92,100,17.16
190,Sao Filipe,CV,2023-01-11 15:47:10,14.8961,-24.4956,77.34,60,0,12.77
191,Kaputa,ZM,2023-01-11 15:47:11,-8.4689,29.6619,71.33,85,100,4.07
192,Sinnamary,GF,2023-01-11 15:47:11,5.3833,-52.95,79.38,86,80,10.16
193,Khatanga,RU,2023-01-11 15:44:55,71.9667,102.5,-37.39,98,99,6.67
194,Brigham City,US,2023-01-11 15:46:41,41.5102,-112.0155,36.3,87,100,5.01
195,Fuerte Olimpo,PY,2023-01-11 15:47:12,-21.0415,-57.8738,100.09,32,14,4.29
196,Puteyets,RU,2023-01-11 15:47:13,65.1716,57.091,9.99,94,100,10.63
197,Yibin,CN,2023-01-11 15:47:13,28.7667,104.6238,55.27,75,100,1.01
198,Beringovskiy,RU,2023-01-11 15:47:14,63.05,179.3167,-10.91,95,12,9.17
199,Algiers,DZ,2023-01-11 15:45:00,36.7525,3.042,64.22,68,20,11.5
200,New Plymouth,NZ,2023-01-11 15:47:15,-39.0667,174.0833,62.56,95,100,1.99
201,Staraya Poltavka,RU,2023-01-11 15:47:15,50.4772,46.4814,1.94,88,5,8.81
202,Medina,SA,2023-01-11 15:46:01,24.4686,39.6142,64.83,39,75,16.11
203,Nanortalik,GL,2023-01-11 15:47:16,60.1432,-45.2371,27.32,93,100,5.19
204,Kachiry,KZ,2023-01-11 15:47:16,53.0675,76.1036,-12.23,100,74,7.23
205,Terralba,IT,2023-01-11 15:47:17,39.7192,8.6392,59.18,84,50,5.75
206,Port Elizabeth,ZA,2023-01-11 15:45:36,-33.918,25.5701,79.11,73,0,11.5
207,Vao,NC,2023-01-11 15:47:17,-22.6667,167.4833,75.49,69,5,9.71
208,Parnarama,BR,2023-01-11 15:47:18,-5.6817,-43.0933,96.89,31,61,5.3
209,Nicholasville,US,2023-01-11 15:46:05,37.8806,-84.573,49.08,79,100,11.5
210,Ishigaki,JP,2023-01-11 15:47:18,24.3448,124.1572,71.73,78,100,13.8
211,Douentza,ML,2023-01-11 15:47:19,14.9951,-2.9517,85.37,10,2,7.11
212,Homer,US,2023-01-11 15:47:19,59.6425,-151.5483,33.8,94,100,3.0
213,Trelew,AR,2023-01-11 15:47:20,-43.249,-65.3051,58.69,60,97,33.73
214,Nalut,LY,2023-01-11 15:47:20,30.3333,10.85,58.78,29,0,8.93
215,Vanavara,RU,2023-01-11 15:47:20,60.34,102.2797,-23.89,92,100,9.15
216,Laguna,US,2023-01-11 15:47:21,38.421,-121.4238,53.06,79,100,13.8
217,Malacky,SK,2023-01-11 15:47:21,48.436,17.0219,43.02,72,98,5.28
218,Tomatlan,MX,2023-01-11 15:47:22,19.9333,-105.25,79.11,31,0,0.43
219,Abnub,EG,2023-01-11 15:47:22,27.2696,31.1511,61.61,39,96,6.15
220,Mincivan,AZ,2023-01-11 15:47:23,39.0294,46.7185,28.2,94,94,1.59
221,Lebach,DE,2023-01-11 15:47:23,49.4,6.9167,48.7,88,100,11.39
222,Saldanha,ZA,2023-01-11 15:47:23,-33.0117,17.9442,80.65,76,100,17.25
223,Souillac,MU,2023-01-11 15:47:24,-20.5167,57.5167,80.98,69,75,10.36
224,Hambantota,LK,2023-01-11 15:48:24,6.1241,81.1185,71.94,94,20,3.44
225,Isla Mujeres,MX,2023-01-11 15:48:25,21.2311,-86.731,78.24,60,15,10.58
226,Salamiyah,SY,2023-01-11 15:48:25,35.0113,37.0532,50.67,66,91,8.61
227,Maxixe,MZ,2023-01-11 15:48:26,-23.8597,35.3472,82.22,65,40,5.01
228,Winsum,NL,2023-01-11 15:48:26,53.33,6.5208,48.96,78,51,17.98
229,Pevek,RU,2023-01-11 15:48:27,69.7008,170.3133,-24.54,100,93,1.3
230,Batsfjord,NO,2023-01-11 15:48:27,70.6345,29.7185,24.73,79,75,20.71
231,Divnogorsk,RU,2023-01-11 15:48:27,55.9594,92.3619,-17.27,88,100,9.42
232,Antofagasta,CL,2023-01-11 15:48:28,-23.65,-70.4,70.88,63,48,9.93
233,Santa Cruz Do Sul,BR,2023-01-11 15:48:28,-29.7175,-52.4258,97.84,20,0,4.0
234,Ancud,CL,2023-01-11 15:48:28,-41.8697,-73.8203,55.8,61,67,8.68
235,Muroto,JP,2023-01-11 15:48:29,33.2833,134.15,52.11,63,0,4.74
236,Broome,US,2023-01-11 15:48:29,42.2506,-75.833,37.02,75,100,9.22
237,Sambava,MG,2023-01-11 15:48:29,-14.2667,50.1667,79.27,81,35,4.03
238,Zholymbet,KZ,2023-01-11 15:48:30,51.7433,71.7122,-11.63,98,39,9.01
239,Ballinasloe,IE,2023-01-11 15:48:30,53.3275,-8.2194,43.54,83,95,16.67
240,Lompoc,US,2023-01-11 15:48:30,34.6391,-120.4579,53.6,96,100,12.66
241,Sao Jose Da Coroa Grande,BR,2023-01-11 15:48:30,-8.8978,-35.1478,82.51,64,69,10.76
242,High Level,CA,2023-01-11 15:45:11,58.5169,-117.136,15.91,100,100,4.61
243,Cockburn Town,TC,2023-01-11 15:48:31,21.4612,-71.1419,76.73,75,2,11.79
244,Methven,NZ,2023-01-11 15:48:31,-43.6333,171.65,50.02,99,97,3.65
245,Bubaque,GW,2023-01-11 15:48:31,11.2833,-15.8333,79.18,46,32,8.19
246,Bethel,US,2023-01-11 15:47:45,41.3712,-73.414,35.37,57,0,6.91
247,Karratha,AU,2023-01-11 15:48:32,-20.7377,116.8463,88.09,45,4,10.45
248,Mandurah,AU,2023-01-11 15:48:32,-32.55,115.7,69.98,74,0,13.89
249,Sabang,ID,2023-01-11 15:48:32,5.8933,95.3214,80.83,68,85,9.24
250,Maryville,US,2023-01-11 15:44:19,35.7565,-83.9705,51.08,81,100,4.0
251,Saskylakh,RU,2023-01-11 15:48:33,71.9167,114.0833,-44.63,100,100,3.2
252,Rawah,IQ,2023-01-11 15:48:33,34.4816,41.9093,49.39,37,0,5.79
253,Gigmoto,PH,2023-01-11 15:48:33,13.7796,124.39,76.64,86,100,13.15
254,Dingle,PH,2023-01-11 15:48:34,10.9995,122.6711,71.28,96,100,10.18
255,Upington,ZA,2023-01-11 15:47:43,-28.4478,21.2561,104.38,13,40,2.3
256,Oktyabrskiy,RU,2023-01-11 15:48:34,54.4815,53.471,-13.09,97,17,7.99
257,Brae,GB,2023-01-11 15:48:34,60.3964,-1.353,42.3,93,100,21.23
258,Henties Bay,NA,2023-01-11 15:48:35,-22.116,14.2845,67.33,76,100,12.62
259,Padang,ID,2023-01-11 15:48:35,-0.9492,100.3543,76.44,85,100,2.93
260,Acari,PE,2023-01-11 15:48:35,-15.4311,-74.6158,82.11,46,66,10.76
261,Santa Isabel,BR,2023-01-11 15:48:35,-23.3156,-46.2214,74.16,93,100,4.09
262,Constitucion,CL,2023-01-11 15:48:36,-35.3333,-72.4167,68.56,42,97,16.93
263,Thompson,CA,2023-01-11 15:48:36,55.7435,-97.8558,8.76,85,100,4.61
264,Luang Prabang,LA,2023-01-11 15:48:36,19.8856,102.1347,68.22,90,62,2.55
265,Angoche,MZ,2023-01-11 15:48:37,-16.2325,39.9086,79.5,85,53,6.71
266,Bodden Town,KY,2023-01-11 15:48:37,19.2833,-81.25,82.4,75,40,12.66
267,Naze,JP,2023-01-11 15:48:37,28.3667,129.4833,61.72,61,42,14.76
268,Hofn,IS,2023-01-11 15:48:37,64.2539,-15.2082,35.62,55,20,16.11
269,Dikson,RU,2023-01-11 15:49:38,73.5069,80.5464,-26.75,97,100,5.57
270,Severo-Kurilsk,RU,2023-01-11 15:49:38,50.6789,156.125,20.35,77,93,25.21
271,Khandyga,RU,2023-01-11 15:49:38,62.6667,135.6,-33.34,100,100,0.98
272,Bitung,ID,2023-01-11 15:49:39,1.4451,125.1824,79.65,83,100,6.08
273,Kudahuvadhoo,MV,2023-01-11 15:49:39,2.6708,72.8944,80.74,72,100,11.07
274,Manica,FR,2023-01-11 15:49:39,49.0,-1.1667,48.27,81,97,15.97
275,Khani,GE,2023-01-11 15:49:40,41.9563,42.9566,31.57,72,6,7.14
276,Altamira,BR,2023-01-11 15:46:28,-3.2033,-52.2064,84.29,79,100,3.44
277,Husavik,IS,2023-01-11 15:49:40,66.0449,-17.3389,32.11,91,100,10.36
278,Pacifica,US,2023-01-11 15:47:06,37.6138,-122.4869,53.4,84,100,16.11
279,Hirado,JP,2023-01-11 15:49:40,33.3597,129.5531,54.5,76,3,8.59
280,Sorong,ID,2023-01-11 15:49:41,-0.8833,131.25,80.17,82,100,5.86
281,Ahipara,NZ,2023-01-11 15:49:41,-35.1667,173.1667,64.74,89,71,10.85
282,Codrington,AU,2023-01-11 15:49:41,-38.2667,141.9667,58.98,96,12,7.2
283,Bamberg,DE,2023-01-11 15:49:42,49.8795,10.8863,47.71,96,100,8.93
284,Morant Bay,JM,2023-01-11 15:49:42,17.8815,-76.4093,84.7,67,21,8.81
285,Laiyang,CN,2023-01-11 15:49:42,36.9758,120.7136,38.12,94,29,4.81
286,Zhigansk,RU,2023-01-11 15:49:43,66.7697,123.3711,-29.47,93,100,12.21
287,Florianopolis,BR,2023-01-11 15:49:43,-27.6146,-48.5012,84.42,75,75,12.66
288,Bilma,NE,2023-01-11 15:49:43,18.6853,12.9164,69.08,17,0,4.99
289,Esperance,AU,2023-01-11 15:49:43,-33.8667,121.9,66.67,81,99,11.25
290,Necochea,AR,2023-01-11 15:49:44,-38.5473,-58.7368,75.47,61,99,9.19
291,Kadoma,JP,2023-01-11 15:49:44,34.7333,135.5833,42.78,80,0,6.91
292,Kismayo,SO,2023-01-11 15:49:44,-0.3582,42.5454,78.12,85,5,16.15
293,Yayva,RU,2023-01-11 15:49:44,59.3303,57.2641,1.18,80,100,12.12
294,Madisonville,US,2023-01-11 15:49:45,37.3281,-87.4989,57.87,86,100,1.01
295,Yakeshi,CN,2023-01-11 15:49:45,49.2833,120.7333,-5.84,100,67,4.56
296,Tarrafal,CV,2023-01-11 15:49:45,15.2833,-23.7667,81.39,73,0,16.6
297,Lasa,IT,2023-01-11 15:49:46,46.6166,10.7002,41.88,92,100,3.13
298,Van,TR,2023-01-11 15:49:46,38.4924,43.3831,20.55,63,20,2.3
299,Palmer,US,2023-01-11 15:48:26,42.1584,-72.3287,32.65,64,75,5.75
300,Srednekolymsk,RU,2023-01-11 15:49:46,67.45,153.6833,-25.98,98,100,2.42
301,Muntilan,ID,2023-01-11 15:49:47,-7.5811,110.2928,71.55,96,87,1.32
302,Glace Bay,CA,2023-01-11 15:45:34,46.1969,-59.957,28.22,82,75,10.36
303,Berlevag,NO,2023-01-11 15:49:47,70.8578,29.0864,24.8,74,0,13.8
304,Hovd,MN,2023-01-11 15:49:47,48.0056,91.6419,5.61,55,4,5.75
305,Khandbari,NP,2023-01-11 15:49:48,27.3747,87.2039,51.1,50,0,3.11
306,Iwaki,JP,2023-01-11 15:49:48,37.05,140.8833,43.02,53,6,6.71
307,Zunyi,CN,2023-01-11 15:49:48,27.6867,106.9072,55.06,82,58,4.27
308,Prieska,ZA,2023-01-11 15:49:49,-29.6641,22.7474,98.87,14,96,13.94
309,Levelland,US,2023-01-11 15:46:48,33.5873,-102.378,58.19,22,85,17.96
310,Shwebo,MM,2023-01-11 15:49:49,22.5667,95.7,65.53,50,0,3.98
311,Trairi,BR,2023-01-11 15:47:10,-3.2778,-39.2689,88.81,53,18,15.68
312,Maues,BR,2023-01-11 15:48:10,-3.3836,-57.7186,84.88,70,85,4.9
313,San Patricio,US,2023-01-11 15:49:49,28.017,-97.5169,71.47,74,11,15.59
314,Kavieng,PG,2023-01-11 15:49:51,-2.5744,150.7967,81.3,76,100,4.72
315,Nauta,PE,2023-01-11 15:49:51,-4.5061,-73.5757,83.17,79,96,1.79
316,Quatre Cocos,MU,2023-01-11 15:50:51,-20.2078,57.7625,80.71,78,91,13.58
317,Catalina Foothills,US,2023-01-11 15:50:52,32.2979,-110.9187,53.49,57,74,3.0
318,Kazachinskoye,RU,2023-01-11 15:50:52,57.6953,93.2761,-20.22,92,100,7.2
319,Cabo San Lucas,MX,2023-01-11 15:47:15,22.8909,-109.9124,71.51,61,0,6.91
320,Prata,BR,2023-01-11 15:50:52,-19.3072,-48.9242,80.22,64,97,7.72
321,Dengzhou,CN,2023-01-11 15:50:53,37.8086,120.7508,39.61,89,84,6.58
322,Bull Savanna,JM,2023-01-11 15:50:53,17.8868,-77.5902,79.27,59,1,4.56
323,Uige,AO,2023-01-11 15:50:53,-7.6087,15.0613,72.68,92,100,2.53
324,Moa,CU,2023-01-11 15:50:54,20.6569,-74.9403,79.56,67,19,7.9
325,Kutum,SD,2023-01-11 15:50:54,14.2,24.6667,68.45,19,79,7.76
326,Sahuaripa,MX,2023-01-11 15:50:54,29.05,-109.2333,63.28,25,21,1.74
327,Ampanihy,MG,2023-01-11 15:50:55,-24.7,44.75,78.87,76,26,6.38
328,Bukachacha,RU,2023-01-11 15:50:55,52.9833,116.9167,12.15,96,100,3.58
329,Provideniya,RU,2023-01-11 15:50:55,64.3833,-173.3,-0.4,95,99,7.87
330,Jumla,NP,2023-01-11 15:50:55,29.2747,82.1838,44.65,45,100,5.37
331,Matagami,CA,2023-01-11 15:50:56,49.7502,-77.6328,-9.29,84,0,3.44
332,Wonthaggi,AU,2023-01-11 15:50:56,-38.6044,145.5913,62.82,87,100,5.39
333,Mbanza-Ngungu,CD,2023-01-11 15:50:56,-5.25,14.8667,75.45,87,38,3.67
334,Aljezur,PT,2023-01-11 15:50:57,37.3191,-8.8033,62.8,68,8,11.88
335,Zhanaozen,KZ,2023-01-11 15:50:57,43.3,52.8,16.12,35,0,17.58
336,Chulym,RU,2023-01-11 15:50:57,55.0997,80.9572,-29.16,100,50,5.86
337,Waingapu,ID,2023-01-11 15:50:58,-9.6567,120.2641,77.47,81,36,7.36
338,Boshnyakovo,RU,2023-01-11 15:50:58,49.6333,142.1667,10.11,84,100,4.65
339,Itoman,JP,2023-01-11 15:50:58,26.1247,127.6694,68.02,64,75,13.8
340,Merzig,DE,2023-01-11 15:50:58,49.45,6.6333,49.19,89,93,11.86
341,Broken Hill,AU,2023-01-11 15:50:59,-31.95,141.4333,83.39,26,95,8.3
342,Saint-Raymond,CA,2023-01-11 15:50:59,45.467,-73.6095,17.06,77,40,9.22
343,Coolum Beach,AU,2023-01-11 15:51:00,-26.5333,153.1,72.1,90,100,5.95
344,Fuerte,PH,2023-01-11 15:51:01,17.5381,120.3644,74.48,76,45,5.73
345,Belmonte,BR,2023-01-11 15:51:01,-15.8631,-38.8828,80.85,75,99,9.35
346,Bambanglipuro,ID,2023-01-11 15:51:02,-7.95,110.2833,77.95,84,57,2.42
347,Faranah,GN,2023-01-11 15:51:03,10.0404,-10.7434,94.62,10,2,6.35
348,Kramat,ID,2023-01-11 15:51:03,-8.1311,113.4499,74.8,91,76,0.63
349,Samarai,PG,2023-01-11 15:51:05,-10.6167,150.6667,79.99,79,81,3.04
350,Yangjiang,CN,2023-01-11 15:51:05,21.85,111.9667,63.14,92,100,5.61
351,Longyearbyen,SJ,2023-01-11 15:51:05,78.2186,15.6401,28.24,80,75,11.5
352,Port Hawkesbury,CA,2023-01-11 15:51:06,45.6169,-61.3485,26.19,74,100,15.01
353,Acarau,BR,2023-01-11 15:46:12,-2.8856,-40.12,86.83,58,36,16.62
354,Grand Gaube,MU,2023-01-11 15:51:07,-20.0064,57.6608,81.0,71,58,7.0
355,Zhuanghe,CN,2023-01-11 15:51:08,39.7008,122.9911,33.06,90,100,7.27
356,Lakselv,NO,2023-01-11 15:51:08,70.0513,24.9718,21.02,79,40,20.71
357,Devils Lake,US,2023-01-11 15:50:16,48.1128,-98.8651,17.71,84,100,12.66
358,Coquimbo,CL,2023-01-11 15:51:09,-29.9533,-71.3436,71.33,68,0,12.66
359,Price,US,2023-01-11 15:51:09,39.5994,-110.8107,29.46,69,0,0.0
360,Comodoro Rivadavia,AR,2023-01-11 15:52:10,-45.8667,-67.5,49.86,87,100,16.11
361,Jalu,LY,2023-01-11 15:52:10,29.0331,21.5482,61.9,46,87,14.29
362,At-Bashi,KG,2023-01-11 15:52:10,41.1702,75.8106,3.25,96,100,5.08
363,Cabo Rojo,PR,2023-01-11 15:52:11,18.0866,-67.1457,83.44,72,2,1.99
364,Barra,BR,2023-01-11 15:52:11,-11.0894,-43.1417,86.7,48,58,5.59
365,Flinders,AU,2023-01-11 15:52:11,-34.5833,150.8552,71.38,77,98,4.72
366,Touros,BR,2023-01-11 15:52:12,-5.1989,-35.4608,84.99,62,63,16.17
367,Caucaia,BR,2023-01-11 15:52:12,-3.7361,-38.6531,95.31,65,40,17.27
368,Kouango,CF,2023-01-11 15:52:13,4.9934,19.9619,94.24,16,55,2.95
369,Svetlyy,RU,2023-01-11 15:52:14,54.675,20.1347,39.25,72,100,18.79
370,Morondava,MG,2023-01-11 15:52:15,-20.2833,44.2833,82.29,73,19,8.41
371,Kesinga,IN,2023-01-11 15:52:15,20.2,83.2333,64.35,31,0,3.15
372,Stephenville,US,2023-01-11 15:50:51,32.2207,-98.2023,68.56,44,0,7.0
373,Ketchikan,US,2023-01-11 15:52:16,55.3422,-131.6461,43.27,87,100,11.5
374,Caravelas,BR,2023-01-11 15:52:18,-17.7125,-39.2481,86.0,58,100,9.95
375,Tupelo,US,2023-01-11 15:52:19,34.2576,-88.7034,62.42,82,100,10.36
376,Balikpapan,ID,2023-01-11 15:52:20,-1.2675,116.8289,77.99,94,20,1.14
377,Petrivka,UA,2023-01-11 15:52:20,46.9695,30.9591,29.08,70,99,12.82
378,Mullovka,RU,2023-01-11 15:52:21,54.2,49.4,-9.58,90,33,10.18
379,Pacasmayo,PE,2023-01-11 15:52:21,-7.4006,-79.5714,73.54,69,60,10.02
380,Clyde River,CA,2023-01-11 15:52:22,70.4692,-68.5914,-5.57,65,100,2.3
381,Guider,CM,2023-01-11 15:52:22,9.9342,13.9486,85.64,14,50,8.59
382,Evensk,RU,2023-01-11 15:52:23,61.95,159.2333,8.89,95,100,4.54
383,Vila Franca Do Campo,PT,2023-01-11 15:52:23,37.7167,-25.4333,63.01,73,86,9.64
384,Nguruka,TZ,2023-01-11 15:52:24,-5.1092,31.0419,69.01,90,79,4.45
385,Palauig,PH,2023-01-11 15:52:24,15.435,119.9045,76.75,72,100,3.94
386,Macamic,CA,2023-01-11 15:52:25,48.7502,-78.9996,12.97,82,100,7.9
387,Celestun,MX,2023-01-11 15:52:25,20.8667,-90.4,75.29,73,5,8.46
388,Johnstown,US,2023-01-11 15:51:05,40.3267,-78.922,40.44,55,0,8.05
389,Tabou,CI,2023-01-11 15:52:26,4.423,-7.3528,83.88,65,87,10.83
390,Great Bend,US,2023-01-11 15:52:26,38.3645,-98.7648,33.93,80,0,4.61
391,Savinskiy,RU,2023-01-11 15:52:27,62.9342,40.1361,22.69,92,100,12.88
392,Pont-Sainte-Maxence,FR,2023-01-11 15:52:28,49.3017,2.6047,52.61,75,26,14.83
393,Owando,CG,2023-01-11 15:52:28,-0.4819,15.8999,81.93,52,100,1.95
394,Orchard Homes,US,2023-01-11 15:52:29,46.8633,-114.0484,27.84,93,100,4.61
395,Yulara,AU,2023-01-11 15:52:29,-25.2406,130.9889,85.08,39,7,5.97
396,Vestmanna,FO,2023-01-11 15:52:30,62.1564,-7.1664,38.32,93,75,6.91
397,Kahului,US,2023-01-11 15:52:30,20.8947,-156.47,74.84,75,0,7.0
398,Benjamin Constant,BR,2023-01-11 15:52:31,-4.3831,-70.0311,82.53,83,75,4.61
399,Hurghada,EG,2023-01-11 15:47:47,27.2574,33.8129,61.12,52,0,2.71
400,Douglas,US,2023-01-11 15:49:21,41.3,-96.167,32.67,86,0,8.05
401,Umm Lajj,SA,2023-01-11 15:52:31,25.0213,37.2685,73.18,34,0,4.7
402,Thongwa,MM,2023-01-11 15:52:32,16.7619,96.5278,80.76,48,0,6.53
403,Mogocha,RU,2023-01-11 15:52:32,53.7333,119.7667,5.29,95,100,2.19
404,Sobolevo,RU,2023-01-11 15:52:32,54.4299,31.8996,18.66,95,100,13.91
405,Amapa,BR,2023-01-11 15:52:32,1.0,-52.0,83.8,65,59,5.48
406,Aksu,CN,2023-01-11 15:52:33,41.1231,80.2644,30.29,43,100,5.37
407,Westport,US,2023-01-11 15:52:33,41.1415,-73.3579,38.89,55,14,7.0
408,Chapais,CA,2023-01-11 15:52:33,49.7834,-74.8492,-16.82,91,84,3.87
409,Stornoway,GB,2023-01-11 15:52:34,58.2093,-6.3865,40.96,89,40,5.75
410,Saint-Augustin,CA,2023-01-11 15:53:34,51.226,-58.6502,2.64,72,61,11.41
411,Yucca Valley,US,2023-01-11 15:53:34,34.1142,-116.4322,45.07,59,99,5.01
412,Hoquiam,US,2023-01-11 15:53:35,46.9809,-123.8893,48.29,87,100,9.22
413,Hakkari,TR,2023-01-11 15:53:35,37.5833,44.1667,18.9,81,9,5.12
414,Rupert,US,2023-01-11 15:53:35,42.6191,-113.6772,32.18,80,99,17.11
415,Fort Nelson,CA,2023-01-11 15:53:36,58.8053,-122.7002,8.19,85,100,0.0
416,Parati,BR,2023-01-11 15:53:36,-23.2178,-44.7131,82.56,81,98,3.36
417,Whitehorse,CA,2023-01-11 15:53:36,60.7161,-135.0538,5.77,85,20,17.27
418,Pandamatenga,BW,2023-01-11 15:53:36,-18.5278,25.627,80.6,34,82,7.31
419,Porto Walter,BR,2023-01-11 15:53:37,-8.2686,-72.7439,92.52,44,94,3.04
420,Bourg-En-Bresse,FR,2023-01-11 15:53:34,46.1667,5.1667,46.29,93,100,3.85
421,Birin,NP,2023-01-11 15:53:37,26.8865,88.0718,45.16,53,0,5.21
422,Deputatskiy,RU,2023-01-11 15:53:37,69.3,139.9,-46.61,98,28,3.18
423,Villa Hayes,PY,2023-01-11 15:53:38,-25.0931,-57.5236,89.69,48,0,3.44
424,Ugoofaaru,MV,2023-01-11 15:53:38,5.6667,73.0,79.95,76,46,9.53
425,Murray Bridge,AU,2023-01-11 15:53:38,-35.1167,139.2667,63.12,86,5,7.18
426,Okhotsk,RU,2023-01-11 15:53:39,59.3833,143.3,-20.96,85,73,4.97
427,Chifeng,CN,2023-01-11 15:53:39,42.2683,118.9636,27.97,52,53,5.23
428,Pyay,MM,2023-01-11 15:53:39,18.8167,95.2167,68.56,45,0,3.69
429,Sol-Iletsk,RU,2023-01-11 15:53:40,51.1631,54.9918,-15.14,100,6,2.48
430,Fare,PF,2023-01-11 15:53:40,-16.7,-151.0167,77.59,81,100,9.89
431,Batemans Bay,AU,2023-01-11 15:53:40,-35.7167,150.1833,69.1,89,91,4.32
432,Taoudenni,ML,2023-01-11 15:53:41,22.6783,-3.9836,73.58,10,100,12.57
433,Komarikhinskiy,RU,2023-01-11 15:53:41,58.0979,57.1163,1.13,78,100,12.62
434,Ilhabela,BR,2023-01-11 15:53:41,-23.7781,-45.3581,78.49,84,98,0.18
435,Olinda,BR,2023-01-11 15:53:41,-8.0089,-34.8553,85.73,62,75,12.66
436,Namibe,AO,2023-01-11 15:53:42,-15.1961,12.1522,73.33,70,99,15.9
437,Hauterive,FR,2023-01-11 15:53:42,46.0901,3.4459,52.56,71,90,6.4
438,Lorengau,PG,2023-01-11 15:53:42,-2.0226,147.2712,79.81,82,100,6.51
439,Amberley,US,2023-01-11 15:53:43,39.2048,-84.428,47.43,78,99,4.0
440,Wanning,CN,2023-01-11 15:53:43,18.8003,110.3967,72.12,91,65,3.6
441,Peniche,PT,2023-01-11 15:53:43,39.3558,-9.3811,63.28,72,7,19.1
442,Crossville,US,2023-01-11 15:53:44,35.949,-85.0269,52.43,79,99,5.99
443,Safford,US,2023-01-11 15:53:44,32.834,-109.7076,53.11,55,68,8.25
444,Nishihara,JP,2023-01-11 15:53:44,26.1842,127.7558,67.28,64,75,13.8
445,Tual,ID,2023-01-11 15:53:45,-5.6667,132.75,82.15,75,40,7.99
446,Hailey,US,2023-01-11 15:53:45,43.5196,-114.3153,21.99,86,93,6.73
447,Najran,SA,2023-01-11 15:53:45,17.4924,44.1277,63.25,46,2,8.25
448,Maputo,MZ,2023-01-11 15:53:12,-25.9653,32.5892,82.08,65,20,13.0
449,San Ramon De La Nueva Oran,AR,2023-01-11 15:53:46,-23.1322,-64.326,100.42,24,0,5.26
450,Tera,NE,2023-01-11 15:53:46,14.0078,0.7531,85.5,10,3,11.32
451,Tukrah,LY,2023-01-11 15:53:46,32.5341,20.5791,58.37,61,10,19.71
452,Podyuga,RU,2023-01-11 15:53:47,61.095,40.8647,15.8,91,100,12.06
453,Norman Wells,CA,2023-01-11 15:53:47,65.282,-126.8329,-0.36,85,75,10.36
454,Kortkeros,RU,2023-01-11 15:54:47,61.8106,51.5806,10.4,92,100,13.2
455,Teya,RU,2023-01-11 15:54:48,60.3778,92.6267,-26.46,95,100,5.99
456,Bereda,ES,2023-01-11 15:54:48,43.2686,-7.5406,48.76,78,96,3.62
457,Say,NE,2023-01-11 15:54:48,13.1007,2.3689,86.56,13,91,11.14
458,Jutai,BR,2023-01-11 15:54:48,-5.1833,-68.9,86.23,66,82,4.0
459,Tingi,TZ,2023-01-11 15:54:49,-11.3,35.0333,67.06,91,98,3.18
460,Rosarito,MX,2023-01-11 15:54:49,32.3333,-117.0333,51.13,74,93,3.02
461,Dungarpur,IN,2023-01-11 15:54:49,23.8333,73.7167,67.33,39,0,8.5
462,Nemuro,JP,2023-01-11 15:54:50,43.3236,145.575,30.25,77,53,9.95
463,Vila Velha,BR,2023-01-11 15:54:50,-20.3297,-40.2925,89.55,74,40,11.99
464,Samfya,ZM,2023-01-11 15:54:50,-11.3649,29.5565,70.41,83,100,3.06
465,Great Yarmouth,GB,2023-01-11 15:54:51,52.6083,1.7305,49.44,79,59,25.88
466,Ouango,CF,2023-01-11 15:54:51,4.3133,22.5552,87.94,26,77,0.94
467,Luan,CH,2023-01-11 15:54:51,46.3592,6.9759,40.32,91,100,3.0
468,Autazes,BR,2023-01-11 15:54:51,-3.5797,-59.1306,90.41,50,77,5.44
469,Cap Malheureux,MU,2023-01-11 15:54:52,-19.9842,57.6142,79.47,71,56,7.0
470,Kirakira,SB,2023-01-11 15:54:52,-10.4544,161.9205,78.91,84,100,4.52
471,Stroud,GB,2023-01-11 15:54:52,51.75,-2.2,47.71,88,75,10.36
472,Olafsvik,IS,2023-01-11 15:54:53,64.8945,-23.7142,32.05,78,50,20.45
473,Haines Junction,CA,2023-01-11 15:54:53,60.7522,-137.5108,-9.54,100,100,0.4
474,Salinas,US,2023-01-11 15:54:07,36.6777,-121.6555,53.01,84,100,1.99
475,Aswan,EG,2023-01-11 15:54:53,24.0934,32.907,65.98,35,0,9.91
476,Coihaique,CL,2023-01-11 15:54:53,-45.5752,-72.0662,60.75,67,75,5.75
477,Yanam,IN,2023-01-11 15:54:54,16.7333,82.2167,67.87,79,0,2.68
478,Severnyy,RU,2023-01-11 15:54:54,50.677,36.5532,15.84,67,0,17.9
479,Praia Da Vitoria,PT,2023-01-11 15:54:54,38.7333,-27.0667,64.65,63,20,17.25
480,Aseri,EE,2023-01-11 15:54:55,59.4506,26.8675,33.15,86,100,20.69
481,Hithadhoo,MV,2023-01-11 15:54:55,-0.6,73.0833,79.7,78,100,11.59
482,Jining,CN,2023-01-11 15:54:55,35.405,116.5814,41.45,71,0,7.83
483,Baruun-Urt,MN,2023-01-11 15:54:56,46.6806,113.2792,13.08,84,31,9.64
484,Sanchez,DO,2023-01-11 15:54:56,19.2281,-69.6137,80.62,78,20,9.22
485,Kailua,US,2023-01-11 15:54:56,21.4022,-157.7394,70.45,83,42,10.22
486,San Bartolome,ES,2023-01-11 15:54:57,27.9248,-15.5733,63.07,60,20,18.41
487,Ponta Delgada,PT,2023-01-11 15:54:57,37.7333,-25.6667,63.32,77,20,9.22
488,Edgewater,US,2023-01-11 15:54:57,28.9889,-80.9023,66.16,52,0,0.0
489,Kleive,NO,2023-01-11 15:54:58,62.7954,7.6359,44.92,65,40,13.8
490,Porto Novo,BJ,2023-01-11 15:54:58,6.4965,2.6036,87.62,51,4,10.78
491,Rio Tercero,AR,2023-01-11 15:54:58,-32.173,-64.1141,83.8,39,75,3.38
492,Dzhebariki-Khaya,RU,2023-01-11 15:54:58,62.2167,135.8,-30.23,99,100,1.28
493,Thouars,FR,2023-01-11 15:54:59,46.976,-0.2151,53.2,78,75,14.47
494,Vega De Alatorre,MX,2023-01-11 15:54:59,20.0333,-96.6333,76.28,69,6,6.98
495,Samarinda,ID,2023-01-11 15:54:59,-0.5,117.15,72.21,96,100,0.43
496,Lerwick,GB,2023-01-11 15:55:00,60.1545,-1.1494,46.4,90,99,21.0
497,Yeppoon,AU,2023-01-11 15:55:00,-23.1333,150.7333,74.98,77,98,9.73
498,Batagay-Alyta,RU,2023-01-11 15:55:00,67.8006,130.4114,-43.65,99,82,2.46
499,Rognan,NO,2023-01-11 15:56:00,67.0953,15.3878,34.05,89,100,7.94
500,Saraland,US,2023-01-11 15:52:29,30.8207,-88.0706,72.3,88,98,6.38
501,Mount Gambier,AU,2023-01-11 15:56:01,-37.8333,140.7667,56.41,98,43,4.99
502,Dickinson,US,2023-01-11 15:51:10,29.4608,-95.0513,74.14,84,100,9.22
503,Port Moresby,PG,2023-01-11 15:56:01,-9.4431,147.1797,76.42,94,100,5.75
504,Mala,PE,2023-01-11 15:56:01,-12.6581,-76.6308,73.8,68,89,8.23
505,Half Moon Bay,US,2023-01-11 15:56:02,37.4636,-122.4286,53.74,90,100,16.11
506,Qom,IR,2023-01-11 15:56:02,34.6401,50.8764,37.47,78,98,3.2
507,Sao Carlos,BR,2023-01-11 15:56:03,-22.0175,-47.8908,68.83,90,100,4.27
508,Osorno,CL,2023-01-11 15:56:03,-40.5667,-73.15,64.26,58,75,5.75
509,Badvel,IN,2023-01-11 15:56:04,14.75,79.05,68.61,72,0,4.88
510,Udachnyy,RU,2023-01-11 15:56:04,66.4167,112.4,-41.64,97,100,7.99
511,La Libertad,EC,2023-01-11 15:56:05,-2.2333,-80.9,78.46,69,75,8.05
512,Port Hardy,CA,2023-01-11 15:56:05,50.6996,-127.4199,42.98,87,75,13.8
513,Lavrentiya,RU,2023-01-11 15:56:06,65.5833,-171.0,-3.98,97,100,12.19
514,Am Timan,TD,2023-01-11 15:56:06,11.0297,20.2827,85.32,15,92,4.52
515,Ust-Koksa,RU,2023-01-11 15:56:07,50.2696,85.6108,-15.32,90,96,0.69
516,Hit,IQ,2023-01-11 15:56:07,33.6416,42.8251,51.78,33,0,7.9
517,Mirnyy,RU,2023-01-11 15:56:08,62.5353,113.9611,-35.77,66,36,18.01
518,Abonnema,NG,2023-01-11 15:56:08,4.7084,6.7931,91.62,42,5,13.56
519,Vanimo,PG,2023-01-11 15:56:09,-2.6741,141.3028,77.38,87,100,1.36
520,Hammerfest,NO,2023-01-11 15:56:09,70.6634,23.6821,25.25,68,0,2.3
521,Urumqi,CN,2023-01-11 15:56:10,43.801,87.6005,9.55,92,100,4.47
522,Lashio,MM,2023-01-11 15:56:10,22.9333,97.75,52.61,73,0,1.74
523,Myitkyina,MM,2023-01-11 15:56:10,25.3833,97.4,57.65,65,0,2.33
524,Constantine,DZ,2023-01-11 15:56:11,36.365,6.6147,60.21,51,0,6.91
525,Loa Janan,ID,2023-01-11 15:56:11,-0.583,117.095,72.36,97,100,0.34
526,Preobrazheniye,RU,2023-01-11 15:56:12,42.9019,133.9064,28.44,70,11,8.9
527,Klyuchi,RU,2023-01-11 15:56:13,52.2667,79.1667,-10.08,99,96,7.02
528,Yangambi,CD,2023-01-11 15:56:14,0.8102,24.4336,69.39,94,97,7.2
529,Alugan,PH,2023-01-11 15:56:14,12.2188,125.4808,76.8,89,100,20.83
530,Ostrovnoy,RU,2023-01-11 15:56:15,68.0531,39.5131,8.33,96,78,11.1
531,Meulaboh,ID,2023-01-11 15:56:15,4.1363,96.1285,77.2,83,84,2.51
532,Honiara,SB,2023-01-11 15:56:15,-9.4333,159.95,76.82,89,100,1.03
533,Ulladulla,AU,2023-01-11 15:56:16,-35.35,150.4667,66.24,84,95,4.92
534,Cidreira,BR,2023-01-11 15:56:17,-30.1811,-50.2056,79.92,63,0,9.69
535,Mariental,NA,2023-01-11 15:56:17,-24.6333,17.9667,98.33,11,16,16.75
536,Montrose,US,2023-01-11 15:56:18,38.4166,-108.2673,22.73,81,85,12.39
537,Nome,US,2023-01-11 15:56:18,64.5011,-165.4064,21.16,93,100,12.66
538,La Mana,EC,2023-01-11 15:56:18,-0.9333,-79.2167,72.66,98,100,1.74
539,Kedrovyy,RU,2023-01-11 15:56:19,56.1667,91.8167,-19.14,94,100,8.21
540,Pahrump,US,2023-01-11 15:56:20,36.2083,-115.9839,42.15,68,4,2.37
541,El Higo,MX,2023-01-11 15:56:20,21.7667,-98.4667,73.99,69,1,5.1
542,Ushtobe,KZ,2023-01-11 15:56:20,45.2514,77.9838,1.69,96,69,5.53
543,Vostok,RU,2023-01-11 15:56:21,46.4856,135.8833,8.64,93,91,5.32
544,Tuyen Quang,VN,2023-01-11 15:56:21,21.8233,105.2181,68.16,82,100,1.57
545,Brainerd,US,2023-01-11 15:56:22,46.358,-94.2008,28.69,93,100,0.0
546,Havoysund,NO,2023-01-11 15:56:22,70.9963,24.6622,26.83,83,100,11.63
547,Honningsvag,NO,2023-01-11 15:56:22,70.9821,25.9704,26.35,80,20,29.93
548,Pocone,BR,2023-01-11 15:57:23,-16.2567,-56.6228,89.28,52,100,5.79
549,Nachingwea,TZ,2023-01-11 15:57:23,-10.3833,38.7667,79.52,62,100,2.75
550,Salym,RU,2023-01-11 15:57:24,60.0625,71.4789,2.64,94,100,7.96
551,Neuquen,AR,2023-01-11 15:57:24,-38.9516,-68.0591,67.89,22,0,12.66
552,Qasigiannguit,GL,2023-01-11 15:57:24,68.8193,-51.1922,-19.19,96,78,5.32
553,Kalmunai,LK,2023-01-11 15:57:25,7.4167,81.8167,74.16,75,60,8.25
554,Vestmannaeyjar,IS,2023-01-11 15:57:25,63.4427,-20.2734,38.39,65,0,2.3
555,Anadyr,RU,2023-01-11 15:57:25,64.75,177.4833,-1.7,71,14,22.37
556,Venice,US,2023-01-11 15:56:09,27.0998,-82.4543,67.98,78,0,8.01
557,Mabaruma,GY,2023-01-11 15:57:26,8.2,-59.7833,80.6,83,75,6.91
558,Hami,CN,2023-01-11 15:57:27,42.8,93.45,28.78,38,100,6.58
559,Road Town,VG,2023-01-11 15:57:27,18.4167,-64.6167,80.64,83,40,6.91
560,Rabak,SD,2023-01-11 15:57:28,13.1809,32.74,79.81,17,5,11.45
561,Koshurnikovo,RU,2023-01-11 15:57:29,54.1667,93.3,-14.84,99,100,2.06
562,Wattegama,LK,2023-01-11 15:57:29,6.7989,81.4808,68.79,85,10,5.44
563,Timmins,CA,2023-01-11 15:53:27,48.4669,-81.3331,6.62,78,100,8.05
564,Byron Bay,AU,2023-01-11 15:57:31,-28.65,153.6167,67.71,84,41,6.22
565,Kupang,ID,2023-01-11 15:57:32,-10.1667,123.5833,77.81,80,55,2.98
566,Port-Cartier,CA,2023-01-11 15:57:32,50.0334,-66.8654,6.75,68,5,10.09
567,Bachaquero,VE,2023-01-11 15:57:33,9.9694,-71.1494,82.78,69,89,7.99
568,Prienai,LT,2023-01-11 15:57:33,54.6333,23.95,32.27,93,100,13.98
569,Sidi Ali,DZ,2023-01-11 15:57:33,36.0998,0.4206,59.4,77,0,9.66
570,Gornopravdinsk,RU,2023-01-11 15:57:34,60.05,69.9,3.2,95,100,8.52
571,Buin,CL,2023-01-11 15:57:34,-33.7333,-70.75,87.06,25,72,8.3
572,Wenling,CN,2023-01-11 15:57:35,28.3669,121.36,57.11,92,100,5.17
573,Mantua,IT,2023-01-11 15:57:35,45.1667,10.7833,47.44,79,100,2.13
574,Sembe,CG,2023-01-11 15:57:35,1.6481,14.5806,90.25,33,100,1.83
575,Ierapetra,GR,2023-01-11 15:57:36,35.01,25.7353,57.54,67,61,7.76
576,Dire Dawa,ET,2023-01-11 15:57:36,9.5931,41.8661,73.44,37,10,9.64
577,Millinocket,US,2023-01-11 15:57:36,45.6573,-68.7098,21.78,61,11,0.96
578,Payo,ID,2023-01-11 15:57:37,-3.7508,103.6372,72.54,98,100,2.53
579,Chulman,RU,2023-01-11 15:57:37,56.8479,124.9104,-23.44,100,89,0.78
